{"cameraMode":{"drawMode":0,"name":"Shaded","section":"Shading Mode"},"sceneLighting":true,"audioPlay":false,"sceneViewState":{"showFog":true,"showMaterialUpdate":false,"showSkybox":true,"showFlares":true,"showImageEffects":true,"showParticleSystems":true},"in2DMode":false,"pivot":{"x":27.878984451293947,"y":14.389609336853028,"z":22.010194778442384},"rotation":{"x":-0.015196413733065129,"y":-0.9692841172218323,"z":0.2375182807445526,"w":-0.06201482191681862},"size":3.991462469100952,"orthographic":false}